,city,locality,property_type,bedrooms,area_sqft,year_built,condition,parking_spaces,sale_price_inr
0,Pune,Noida,Apartment,2,3166,1988,New,3,34070000.0
1,Hyderabad,Baner,Apartment,4,4163,1989,Needs Renovation,1,25600000.0
2,Hyderabad,Whitefield,Villa,3,2117,2000,Needs Renovation,1,20150000.0
3,Pune,Gachibowli,Apartment,4,3134,1993,Average,2,30340000.0
4,Delhi,Whitefield,Independent House,5,2924,2018,Good,1,33650000.0
5,Delhi,Andheri,Apartment,3,2917,1981,Good,1,31120000.0
6,PUNE,Whitefield,Apartment,3,2277,1981,Good,1,12190000.0
7,Bengaluru,Gachibowli,Independent House,2,555,2011,Good,2,5130000.0
8,Hyderabad,Whitefield,Row House,2,451,1996,New,1,4430000.0
9,Delhi,Wakad,Row House,3,4455,1999,New,2,32570000.0
10,Chennai,Hinjewadi,Independent House,3,635,2002,Average,3,5090000.0
11,Hyderabad,Andheri,Apartment,2,2437,1981,Good,2,12750000.0
12,Chennai,Gachibowli,Villa,5,1122,2013,Good,2,16450000.0
13,Hyderabad,Whitefield,Independent House,3,3158,1990,New,1,36920000.0
14,Pune,Baner,Villa,2,1512,2023,Needs Renovation,2,16630000.0
15,Mumbai,Hinjewadi,Apartment,3,2072,1995,Good,1,21790000.0
16,Hyderabad,Kharadi,Apartment,5,2142,2004,Good,3,17770000.0
17,Chennai,Baner,Independent House,4,1658,1993,Needs Renovation,0,17640000.0
18,Mumbai,Hinjewadi,Apartment,1,2831,1997,Good,2,15540000.0
19,Hyderabad,Kharadi,Row House,3,4202,1996,Good,0,38060000.0
20,Delhi,Gachibowli,Apartment,3,3469,2021,New,0,24160000.0
21,Mumbai,Noida,Independent House,2,2301,2002,Average,1,16130000.0
22,Hyderabad,Wakad,Apartment,2,1030,2001,Average,2,10850000.0
23,Delhi,Andheri,Apartment,3,4315,2010,Average,0,34630000.0
24,Chennai,Wakad,Apartment,3,2162,2020,Good,1,23600000.0
25,Pune,Hinjewadi,Row House,7,1368,2022,Good,1,15980000.0
26,Pune,Kharadi,Apartment,2,4162,2019,New,1,25740000.0
27,Bengaluru,Wakad,Independent House,2,2419,1981,Good,0,20500000.0
28,Chennai,Wakad,Independent House,2,1236,1990,Good,1,11820000.0
29,Hyderabad,Kharadi,Villa,2,3916,1981,Good,1,41680000.0
30,Chennai,Wakad,Apartment,3,953,1999,Good,2,12770000.0
31,Pune,Kharadi,Independent House,3,1164,1992,Needs Renovation,3,10000000.0
32,Pune,Noida,Independent House,4,4334,2013,Good,2,37520000.0
33,Delhi,Noida,Apartment,2,4261,2000,good,2,31460000.0
34,Delhi,Andheri,Independent House,2,1406,2018,New,1,10140000.0
35,Hyderabad,Andheri,Row House,3,50,2007,Average,2,40920000.0
36,DELHI,Andheri,Apartment,4,2121,2000,Good,1,11930000.0
37,Chennai,Gachibowli,Villa,2,3029,1988,good,0,23330000.0
38,Hyderabad,Andheri,Villa,2,3675,1983,Average,2,23560000.0
39,Hyderabad,Baner,Villa,3,3801,2003,Average,2,48010000.0
40,Pune,Wakad,Independent House,3,3364,1980,New,1,42210000.0
41,Bengaluru,Noida,Row House,3,1634,1992,Good,1,19490000.0
42,Mumbai,Whitefield,Row House,3,4197,2020,Good,0,21730000.0
43,Bengaluru,Baner,Apartment,3,4439,2012,Good,1,35850000.0
44,Bengaluru,Wakad,Row House,2,3775,2018,Good,1,41840000.0
45,Mumbai,Kharadi,Independent House,3,3762,2004,New,2,40660000.0
46,Pune,Kharadi,Apartment,4,1925,2008,New,2,19910000.0
47,Pune,Noida,Row House,2,2251,1983,Average,2,13830000.0
48,Pune,Baner,Apartment,2,3243,1990,New,2,17700000.0
49,Pune,Kharadi,Independent House,2,1025,2017,New,2,7810000.0
50,Pune,Kharadi,Apartment,1,3758,2014,Good,0,42800000.0
51,Bengaluru,Baner,Villa,3,2802,1995,Good,0,27550000.0
52,Bengaluru,Andheri,Villa,4,2483,2002,Good,2,28430000.0
53,Chennai,Noida,Independent House,2,3006,2000,Good,2,14510000.0
54,Pune,Baner,Independent House,3,1912,2015,Good,1,18360000.0
55,Delhi,Kharadi,Villa,4,3742,2022,Average,2,28080000.0
56,Mumbai,Hinjewadi,Independent House,3,3666,2016,Average,0,29850000.0
57,Bengaluru,Baner,Villa,2,1086,1981,Good,2,12060000.0
58,Pune,Hinjewadi,Independent House,2,4258,2001,Average,2,28030000.0
59,Mumbai,Andheri,Villa,3,2808,2019,Average,1,21790000.0
60,Hyderabad,Noida,Villa,3,2896,2006,New,2,34880000.0
61,Chennai,Gachibowli,Independent House,5,904,1990,Good,1,6290000.0
62,BENGALURU,Andheri,Row House,2,2518,2009,Average,2,31620000.0
63,Bengaluru,Hinjewadi,Apartment,4,3680,1997,Average,0,20500000.0
64,Delhi,Andheri,Independent House,2,2111,1998,Needs Renovation,1,11140000.0
65,Mumbai,Andheri,Villa,1,1814,1998,Good,0,22130000.0
66,Bengaluru,Kharadi,Villa,3,1137,1990,Average,1,9260000.0
67,Delhi,Hinjewadi,Row House,4,3229,2012,Good,1,18790000.0
68,Chennai,Hinjewadi,Villa,4,2599,1987,Average,3,20790000.0
69,Delhi,Wakad,Independent House,2,1405,1987,Good,1,17180000.0
70,Chennai,Hinjewadi,Independent House,3,2788,1987,Average,0,18970000.0
71,Chennai,Wakad,Apartment,4,1411,1996,Good,1,14240000.0
72,Mumbai,Wakad,Row House,3,3388,2001,Good,1,25120000.0
73,Delhi,Andheri,Row House,3,4197,2002,Needs Renovation,3,41770000.0
74,Pune,Baner,Row House,3,468,1992,Good,0,3660000.0
75,Mumbai,Baner,Row House,3,927,2010,Good,2,8590000.0
76,Pune,Baner,Apartment,4,1037,1993,Average,2,9050000.0
77,Delhi,Kharadi,Row House,2,2788,1999,New,2,21570000.0
78,Pune,Gachibowli,Row House,3,2598,1994,Average,2,17410000.0
79,Chennai,Hinjewadi,Row House,3,3522,1993,Good,2,35850000.0
80,Hyderabad,Kharadi,Villa,3,1757,2014,Average,3,22730000.0
81,Bengaluru,Baner,Independent House,3,4335,1988,Good,2,44030000.0
82,Hyderabad,Whitefield,Villa,3,1153,1997,Good,1,7540000.0
83,Hyderabad,Hinjewadi,Apartment,3,3638,2023,Good,1,25670000.0
84,Chennai,Andheri,Apartment,3,3866,2000,Good,0,43700000.0
85,Bengaluru,Wakad,Row House,2,1835,2023,Average,2,13550000.0
86,Pune,Andheri,Row House,4,2087,2021,Good,3,19510000.0
87,Pune,Noida,Villa,4,1185,2002,Average,2,11220000.0
88,Mumbai,Gachibowli,Row House,3,1069,1981,Good,1,8830000.0
89,Hyderabad,Whitefield,Villa,2,3278,2000,Average,1,36970000.0
90,Mumbai,Gachibowli,Row House,5,4466,2018,Needs Renovation,1,29400000.0
91,Chennai,Hinjewadi,Villa,2,3223,2002,Average,0,20250000.0
92,Bengaluru,Andheri,Apartment,2,2861,1994,Good,1,14160000.0
93,Hyderabad,Wakad,Row House,1,2295,2006,New,2,21200000.0
94,Chennai,Wakad,Apartment,3,2924,2011,Average,1,50000.0
95,Delhi,Andheri,Villa,2,1532,1985,Needs Renovation,2,19080000.0
96,Bengaluru,Hinjewadi,Row House,4,3814,1989,Average,0,24200000.0
97,Chennai,Noida,Row House,4,2598,2002,Needs Renovation,1,16300000.0
98,Hyderabad,Andheri,Villa,4,2598,1987,Good,0,10590000.0
99,Bengaluru,Gachibowli,Apartment,4,3179,1980,New,1,31590000.0
100,Mumbai,Wakad,Row House,3,3629,1986,Good,1,34110000.0
101,Bengaluru,Kharadi,Apartment,4,4436,2024,New,1,27250000.0
102,Hyderabad,Baner,Independent House,3,1433,1987,Good,1,10700000.0
103,Hyderabad,Andheri,Independent House,3,2563,2011,New,2,13610000.0
104,Delhi,Hinjewadi,Independent House,4,975,1995,New,1,12140000.0
105,Mumbai,Whitefield,Apartment,3,2638,2022,New,1,17770000.0
106,Chennai,Andheri,Independent House,2,4491,1992,Good,3,52830000.0
107,Hyderabad,Hinjewadi,Apartment,3,2053,1998,Good,1,16740000.0
108,PUNE,Hinjewadi,Villa,3,2192,1981,Average,1,23040000.0
109,Delhi,Andheri,Row House,5,2276,1983,New,1,16410000.0
110,Chennai,Whitefield,Villa,2,2840,2019,Average,1,20500000.0
111,Pune,Kharadi,Row House,3,1300,2008,Average,1,13750000.0
112,Hyderabad,Kharadi,Independent House,3,4164,1996,Needs Renovation,2,21010000.0
113,Delhi,Noida,Independent House,2,2248,1994,Average,1,20500000.0
114,Hyderabad,Kharadi,Row House,2,1243,2015,Good,0,14820000.0
115,Hyderabad,Gachibowli,Villa,5,666,2007,Average,0,9280000.0
116,Delhi,Andheri,Villa,7,731,2015,Average,1,8790000.0
117,Chennai,Whitefield,Row House,2,4426,2009,Average,1,20500000.0
118,Mumbai,Noida,Villa,3,3363,2006,Average,1,38060000.0
119,Delhi,Hinjewadi,Apartment,3,1079,1980,Good,2,7830000.0
120,Mumbai,Noida,Villa,1,2799,2009,Good,1,22970000.0
121,Delhi,Hinjewadi,Row House,4,1401,1992,Good,2,15770000.0
122,Hyderabad,Andheri,Independent House,1,2790,1991,Average,1,32150000.0
123,Chennai,Wakad,Villa,2,463,1984,Average,0,5920000.0
124,Chennai,Andheri,Independent House,2,4123,1992,Average,1,25280000.0
125,Delhi,Kharadi,Row House,3,3184,2009,Good,1,39750000.0
126,Delhi,Gachibowli,Villa,2,1448,1983,Good,1,14220000.0
127,Bengaluru,Noida,Row House,1,754,1980,Good,1,5090000.0
128,Bengaluru,Andheri,Apartment,4,3903,1982,New,1,35070000.0
129,Delhi,Hinjewadi,Apartment,2,2058,2011,Good,1,13990000.0
130,Hyderabad,Gachibowli,Apartment,3,3188,1987,Average,2,32660000.0
131,Chennai,Whitefield,Row House,2,3384,2016,Good,2,21920000.0
132,Pune,Kharadi,Independent House,3,1418,2005,Good,1,7790000.0
133,Pune,Noida,Apartment,3,856,2020,Average,0,11160000.0
134,Mumbai,Wakad,Villa,3,2458,2023,New,2,25960000.0
135,Hyderabad,Gachibowli,Villa,5,4169,1986,Good,1,41540000.0
136,Delhi,Hinjewadi,Independent House,4,909,2015,Good,1,7890000.0
137,Bengaluru,Kharadi,Apartment,3,4018,1986,New,1,39910000.0
138,Mumbai,Whitefield,Independent House,2,1893,2000,Good,1,20340000.0
139,Pune,Andheri,Independent House,5,4483,2024,Average,0,51740000.0
140,Chennai,Noida,Independent House,3,3788,2022,Average,3,24980000.0
141,Bengaluru,Whitefield,Apartment,4,6553,1985,Good,2,7920000.0
142,Pune,Wakad,Villa,3,4402,2001,Good,1,50130000.0
143,Chennai,Gachibowli,Row House,2,1689,2024,New,2,20660000.0
144,Pune,Wakad,Row House,4,1111,2010,Good,0,12020000.0
145,Pune,Wakad,Villa,2,3699,2008,New,0,43110000.0
146,Chennai,Hinjewadi,Villa,2,1437,1983,Average,1,15990000.0
147,Bengaluru,Whitefield,Villa,3,3586,1987,New,0,37900000.0
148,HYDERABAD,Gachibowli,Apartment,4,3075,1987,Average,2,23610000.0
149,Pune,Kharadi,Villa,1,2992,1985,Average,2,16100000.0
150,Mumbai,Noida,Apartment,2,4403,1999,Good,3,53700000.0
151,Hyderabad,Andheri,Villa,2,1493,2012,Good,1,9910000.0
152,Hyderabad,Baner,Villa,3,3325,1998,Good,1,40220000.0
153,Pune,Andheri,Row House,5,3623,2017,Good,2,21870000.0
154,Delhi,Whitefield,Row House,3,932,1996,Good,2,12090000.0
155,Pune,Hinjewadi,Apartment,1,1080,1999,New,1,12280000.0
156,Mumbai,Wakad,Independent House,1,2649,2012,New,1,29870000.0
157,Delhi,Baner,Row House,2,1413,2019,New,2,7720000.0
158,Hyderabad,Whitefield,Independent House,2,3723,2018,Average,1,28500000.0
159,Delhi,Andheri,Villa,3,4176,2001,Average,2,43870000.0
160,Delhi,Baner,Independent House,4,4073,2002,Average,0,42610000.0
161,Delhi,Kharadi,Independent House,1,2375,2006,Good,2,22800000.0
162,Pune,Andheri,Independent House,3,4499,2018,Average,1,47230000.0
163,Bengaluru,Kharadi,Independent House,3,1114,1984,Good,1,11860000.0
164,Hyderabad,Wakad,Villa,3,500,2011,Good,1,6600000.0
165,Mumbai,Hinjewadi,Villa,3,3800,1981,Good,0,31200000.0
166,Mumbai,Kharadi,Apartment,2,750,2024,Good,0,8710000.0
167,Mumbai,Kharadi,Villa,4,1557,2001,Good,0,17230000.0
168,Hyderabad,Hinjewadi,Villa,4,3705,2008,New,1,39060000.0
169,Delhi,Kharadi,Independent House,2,1897,1993,Good,2,9900000.0
170,Hyderabad,Gachibowli,Apartment,4,3341,1997,Good,2,42790000.0
171,Bengaluru,Wakad,Apartment,5,1760,1994,Average,2,19550000.0
172,Bengaluru,Wakad,Independent House,3,853,2015,Average,2,6660000.0
173,Bengaluru,Hinjewadi,Villa,4,2029,1988,Good,1,10810000.0
174,Mumbai,Wakad,Independent House,2,3666,1985,New,1,27740000.0
175,Mumbai,Kharadi,Independent House,3,2131,2011,Good,2,22480000.0
176,Delhi,Andheri,Apartment,2,1522,1980,Average,1,15660000.0
177,Chennai,Noida,Apartment,2,1985,2011,New,3,12730000.0
178,Bengaluru,Baner,Independent House,3,647,1982,Average,1,6530000.0
179,Chennai,Andheri,Independent House,2,2213,2007,Good,1,10920000.0
180,Pune,Hinjewadi,Row House,4,1858,2010,New,2,19260000.0
181,Pune,Noida,Villa,3,3665,2023,New,1,28170000.0
182,Pune,Noida,Independent House,2,3416,1981,Average,3,33260000.0
183,Chennai,Wakad,Independent House,3,725,2004,Good,0,7000000.0
184,Hyderabad,Wakad,Apartment,2,1766,2001,Average,2,12210000.0
185,Mumbai,Baner,Villa,1,2810,2021,Good,0,23990000.0
187,Pune,Andheri,Row House,3,1730,2001,Average,0,19470000.0
188,Bengaluru,Andheri,Independent House,5,1767,2002,New,2,13690000.0
189,Delhi,Noida,Apartment,2,4052,1997,Needs Renovation,2,41740000.0
190,Pune,Andheri,Independent House,4,461,2009,Good,2,4080000.0
191,Delhi,Wakad,Apartment,3,1418,2004,average,2,18170000.0
192,Mumbai,Andheri,Villa,4,2916,2001,Good,1,21710000.0
193,Chennai,Whitefield,Independent House,3,2598,2001,Good,1,24480000.0
194,Chennai,Whitefield,Independent House,3,3141,2020,Good,1,27420000.0
195,Bengaluru,Wakad,Independent House,2,3086,2013,Average,1,37390000.0
196,Chennai,Andheri,Villa,2,1922,2013,New,1,14390000.0
197,Mumbai,Kharadi,Apartment,2,1817,2000,Needs Renovation,1,19090000.0
198,Bengaluru,Baner,Apartment,3,2611,2017,New,1,17920000.0
199,Hyderabad,Noida,Villa,3,4138,1992,Needs Renovation,0,42340000.0
200,Pune,Kharadi,Independent House,4,822,1988,Good,1,10430000.0
201,Pune,Hinjewadi,Independent House,3,2443,2008,Average,1,21590000.0
202,Delhi,Wakad,Villa,3,3354,2006,Average,2,28000000.0
203,Pune,Whitefield,Villa,3,459,2016,New,2,6420000.0
204,Hyderabad,Gachibowli,Independent House,4,1804,1989,Average,1,19500000.0
205,Pune,Whitefield,Independent House,4,2397,1986,Average,1,23470000.0
206,Hyderabad,Baner,Row House,4,2784,2000,Good,2,23660000.0
207,Bengaluru,Hinjewadi,Villa,2,3429,1982,Good,1,35470000.0
208,Hyderabad,Whitefield,Villa,4,2881,1984,Good,2,19600000.0
209,Pune,Hinjewadi,Independent House,3,1459,2000,good,1,15520000.0
210,Hyderabad,Wakad,Row House,2,3056,1992,Good,1,19470000.0
211,Delhi,Andheri,Villa,3,3408,1987,new,1,27940000.0
212,Chennai,Noida,Row House,4,2249,2000,Average,2,22560000.0
213,Pune,Andheri,Row House,2,3819,2021,Average,1,44470000.0
214,Pune,Gachibowli,Villa,2,2443,2002,Good,2,13240000.0
215,Mumbai,Hinjewadi,Independent House,4,1287,1999,Average,1,11050000.0
216,Chennai,Baner,Apartment,5,590,2001,Good,3,7770000.0
217,Bengaluru,Gachibowli,Independent House,2,1436,1986,Average,1,12260000.0
218,Delhi,Baner,Independent House,3,6553,2006,Needs Renovation,0,19750000.0
219,Pune,Andheri,Villa,3,2496,2017,Needs Renovation,1,25910000.0
220,Mumbai,Baner,Independent House,2,3364,2023,Good,3,34790000.0
221,Chennai,Hinjewadi,Row House,2,3102,1984,Good,0,20320000.0
222,Chennai,Andheri,Apartment,3,4085,2004,Average,2,33390000.0
223,Bengaluru,Noida,Villa,3,2247,2023,New,1,24320000.0
224,Bengaluru,Andheri,Villa,2,3086,1991,New,2,30970000.0
225,Delhi,Baner,Apartment,5,785,1989,New,1,10870000.0
226,Bengaluru,Baner,Independent House,3,1464,2014,Average,2,9710000.0
227,Chennai,Baner,Row House,3,4318,2010,Good,2,41470000.0
228,Pune,Noida,Apartment,3,2598,2004,New,2,21860000.0
229,Mumbai,Gachibowli,Independent House,3,1696,2001,Good,0,11620000.0
230,Hyderabad,Kharadi,Independent House,2,1627,1984,Good,1,9640000.0
231,Bengaluru,Gachibowli,Independent House,5,3334,2004,Good,1,27530000.0
232,Chennai,Gachibowli,Independent House,5,4274,2016,Good,2,50890000.0
233,Chennai,Andheri,Apartment,5,4458,2003,Needs Renovation,3,44320000.0
234,Hyderabad,Baner,Independent House,2,3334,1987,Good,1,20140000.0
235,Pune,Andheri,Independent House,3,4176,2016,Good,0,53730000.0
236,Chennai,Whitefield,Apartment,3,712,2024,Good,1,4760000.0
237,Bengaluru,Whitefield,Apartment,4,2470,1993,New,2,20500000.0
238,Delhi,Whitefield,Apartment,4,2739,1983,Good,0,30140000.0
239,Mumbai,Baner,Independent House,5,2587,1997,Good,0,14000000.0
240,Mumbai,Andheri,Villa,1,970,2023,Good,0,11310000.0
241,Hyderabad,Andheri,Independent House,2,4332,2011,average,0,29060000.0
242,Delhi,Baner,Row House,3,3895,2008,Good,1,45240000.0
243,Pune,Andheri,Apartment,3,2127,1989,Average,2,21460000.0
244,Bengaluru,Wakad,Apartment,2,4060,1993,Good,3,37400000.0
245,Hyderabad,Kharadi,Apartment,1,1807,1994,New,1,9540000.0
246,Hyderabad,Noida,Row House,1,3468,2014,New,3,25940000.0
247,Mumbai,Andheri,Independent House,4,1219,1989,Good,2,10200000.0
248,Hyderabad,Whitefield,Independent House,2,1370,2000,Needs Renovation,2,13070000.0
249,Hyderabad,Whitefield,Row House,1,3668,1958,New,2,19940000.0
250,Mumbai,Wakad,Independent House,3,4298,1999,Average,2,44040000.0
251,Chennai,Kharadi,Villa,2,2106,1995,Good,1,14500000.0
252,Bengaluru,Andheri,Apartment,3,2630,2022,Average,1,27510000.0
253,Mumbai,Andheri,Villa,5,3872,2019,Good,2,43600000.0
254,Pune,Hinjewadi,Apartment,5,2105,1993,Average,1,16040000.0
255,Mumbai,Andheri,Villa,2,894,2007,Average,1,6170000.0
256,Hyderabad,Noida,Independent House,3,1890,2023,Good,1,10970000.0
257,Chennai,Andheri,Independent House,1,3821,2011,Average,2,30520000.0
258,Delhi,Gachibowli,Independent House,3,4498,1995,Good,1,30280000.0
259,Chennai,Wakad,Apartment,3,470,1993,Good,1,6720000.0
260,Chennai,Hinjewadi,Apartment,2,3581,1989,Good,1,19370000.0
261,Bengaluru,Wakad,Villa,2,1793,2017,New,2,18110000.0
262,Hyderabad,Andheri,Villa,3,2288,2000,Good,0,19510000.0
263,Hyderabad,Kharadi,Villa,3,710,1991,Good,0,6640000.0
264,Chennai,Whitefield,Row House,3,966,1995,Average,2,5640000.0
265,Pune,Kharadi,Villa,4,3089,1982,New,0,39240000.0
266,Bengaluru,Wakad,Row House,2,3560,1999,New,2,35000000.0
267,Mumbai,Gachibowli,Apartment,1,2831,1991,Good,2,25800000.0
268,Mumbai,Andheri,Apartment,2,1389,2009,Average,1,8700000.0
269,Bengaluru,Baner,Villa,3,3502,1982,Good,3,24550000.0
270,Hyderabad,Baner,Independent House,3,3605,1980,Good,2,18230000.0
271,Hyderabad,Whitefield,Row House,4,3383,1997,Needs Renovation,3,20500000.0
272,Pune,Hinjewadi,Villa,4,3739,2016,Good,1,38160000.0
273,Hyderabad,Baner,Apartment,3,4083,1985,Good,3,42350000.0
274,Chennai,Kharadi,Row House,2,579,2009,New,0,5780000.0
275,Pune,Andheri,Villa,3,1723,1984,Good,2,20830000.0
276,Pune,Gachibowli,Row House,4,3935,2015,Good,1,39350000.0
277,Bengaluru,Hinjewadi,Independent House,2,3465,2024,New,3,33820000.0
278,Pune,Whitefield,Row House,1,2366,1996,Good,0,23320000.0
279,Chennai,Noida,Villa,1,3444,2018,Average,1,28640000.0
280,Chennai,Wakad,Row House,1,2598,2010,Average,1,16810000.0
281,Delhi,Kharadi,Row House,2,2616,1980,New,0,20930000.0
282,Mumbai,Noida,Apartment,3,744,1982,Good,0,7850000.0
283,Chennai,Whitefield,Apartment,1,2256,2004,New,1,22600000.0
284,Bengaluru,Whitefield,Apartment,3,1406,1997,Average,1,14550000.0
285,Chennai,Whitefield,Villa,2,2313,2016,Good,2,11590000.0
286,Pune,Gachibowli,Villa,4,2249,2001,Average,1,17770000.0
287,Bengaluru,Whitefield,Independent House,3,3302,2019,Average,2,35440000.0
288,Hyderabad,Andheri,Independent House,4,3388,2001,Good,2,34020000.0
289,Bengaluru,Gachibowli,Row House,4,2275,1989,New,1,28550000.0
290,Chennai,Noida,Row House,1,3684,2012,Average,2,40040000.0
291,Pune,Whitefield,Row House,2,3597,1994,Average,2,31610000.0
292,Delhi,Gachibowli,Independent House,5,4264,2000,New,2,29970000.0
293,Delhi,Kharadi,Villa,5,1238,2011,Good,2,7550000.0
294,BENGALURU,Whitefield,Row House,2,608,2021,Good,1,8480000.0
295,Mumbai,Wakad,Independent House,3,4378,1997,Good,3,32910000.0
296,Mumbai,Hinjewadi,Independent House,2,4115,1988,Average,2,47070000.0
297,Chennai,Kharadi,Row House,4,3714,2018,Good,0,26690000.0
298,Delhi,Baner,Villa,3,2053,2011,Good,1,21600000.0
299,Hyderabad,Whitefield,Independent House,5,3116,2020,Good,1,28060000.0
300,Hyderabad,Noida,Apartment,3,4407,2000,Good,1,44150000.0
301,Pune,Noida,Independent House,2,1923,1994,New,1,17850000.0
302,Hyderabad,Whitefield,Row House,2,578,1988,Good,1,5720000.0
303,Delhi,Noida,Apartment,1,1699,1993,Average,1,20410000.0
304,Mumbai,Kharadi,Villa,2,2034,1991,new,2,24500000.0
305,Pune,Gachibowli,Villa,4,2389,1993,Average,2,28510000.0
306,Hyderabad,Wakad,Row House,3,1724,1991,Average,1,14530000.0
307,Bengaluru,Baner,Apartment,3,3490,1988,Good,1,23980000.0
308,Pune,Whitefield,Apartment,4,1271,2007,Average,0,10220000.0
309,Bengaluru,Gachibowli,Villa,4,1340,1982,Good,2,14870000.0
310,DELHI,Wakad,Independent House,3,719,1990,New,2,6530000.0
311,Mumbai,Noida,Apartment,3,3339,2003,New,1,27920000.0
312,Pune,Andheri,Independent House,2,4118,1999,New,1,44740000.0
313,Mumbai,Whitefield,Row House,1,1149,2013,Needs Renovation,0,12690000.0
314,Bengaluru,Hinjewadi,Villa,3,2582,2019,New,1,23270000.0
316,Hyderabad,Hinjewadi,Villa,4,4278,2020,Average,2,36890000.0
317,Delhi,Andheri,Row House,2,2297,1994,Good,1,20500000.0
318,Hyderabad,Noida,Independent House,3,2956,1995,Average,1,27880000.0
319,Bengaluru,Baner,Apartment,2,2894,2020,Good,0,33980000.0
320,Mumbai,Kharadi,Apartment,3,3010,1991,Good,1,19880000.0
322,Delhi,Baner,Row House,4,4179,1996,New,2,40960000.0
323,Bengaluru,Andheri,Independent House,1,2656,1990,New,0,23370000.0
324,Mumbai,Wakad,Independent House,5,4473,2012,Average,1,56550000.0
325,Bengaluru,Hinjewadi,Apartment,5,1592,1996,Good,3,20230000.0
326,Mumbai,Baner,Row House,3,794,2001,Good,1,6120000.0
327,Mumbai,Baner,Apartment,4,3953,1985,Good,0,21140000.0
328,Chennai,Wakad,Independent House,4,3976,1999,Good,0,44960000.0
329,Bengaluru,Andheri,Apartment,3,2459,2002,Good,2,16720000.0
330,Delhi,Hinjewadi,Villa,3,1508,1995,Average,2,8320000.0
331,Chennai,Gachibowli,Villa,0,773,1995,New,3,6830000.0
332,Bengaluru,Gachibowli,Apartment,4,2739,2001,Average,2,14740000.0
333,Mumbai,Andheri,Villa,2,2598,1987,Average,1,9350000.0
334,Hyderabad,Whitefield,Apartment,5,1308,2019,Average,3,20500000.0
335,Bengaluru,Noida,Row House,2,943,2021,Good,2,7970000.0
336,Pune,Andheri,Independent House,5,1797,2020,Good,1,16320000.0
337,Hyderabad,Gachibowli,Villa,4,3081,2023,New,1,23190000.0
338,Hyderabad,Baner,Villa,3,499,2021,Average,2,6240000.0
339,Mumbai,Wakad,Independent House,1,595,2006,Average,1,3480000.0
340,Chennai,Wakad,Apartment,1,1719,2023,Good,2,19110000.0
341,Delhi,Baner,Row House,3,3505,1997,New,3,27030000.0
342,Chennai,Noida,Row House,4,2995,1981,New,0,20920000.0
343,Mumbai,Gachibowli,Row House,3,799,1992,Good,1,9560000.0
344,Chennai,Andheri,Independent House,2,1458,2013,Good,0,9570000.0
345,Delhi,Andheri,Independent House,1,890,2019,New,3,7330000.0
346,Hyderabad,Kharadi,Row House,2,3359,2005,good,1,36690000.0
347,Bengaluru,Andheri,Villa,2,979,2013,Good,2,5380000.0
348,Chennai,Noida,Apartment,4,1844,1981,New,1,14550000.0
349,HYDERABAD,Whitefield,Villa,4,485,1997,Good,3,7720000.0
350,Delhi,Wakad,Villa,3,1099,2014,Needs Renovation,1,8300000.0
351,Mumbai,Wakad,Row House,3,2096,2019,Good,1,20560000.0
352,CHENNAI,Baner,Apartment,5,492,2010,Good,3,3930000.0
353,Hyderabad,Andheri,Villa,2,1837,2015,Good,1,16930000.0
355,Mumbai,Hinjewadi,Independent House,3,3547,2018,New,0,28110000.0
356,Hyderabad,Gachibowli,Apartment,5,1542,1984,Average,1,9890000.0
357,Chennai,Kharadi,Villa,3,2598,2004,Average,3,17820000.0
358,Mumbai,Kharadi,Villa,4,3302,1998,New,2,18610000.0
359,Chennai,Gachibowli,Row House,3,3161,2001,Good,1,34980000.0
360,Hyderabad,Andheri,Villa,3,938,2019,Good,1,7660000.0
361,Hyderabad,Andheri,Apartment,3,2413,1992,Average,3,13050000.0
362,Delhi,Wakad,Apartment,3,824,1994,Good,1,10390000.0
363,Bengaluru,Kharadi,Villa,1,3290,2019,New,2,27750000.0
364,Hyderabad,Hinjewadi,Apartment,2,1741,2017,Good,1,14250000.0
365,Hyderabad,Noida,Apartment,1,3824,2020,New,2,23820000.0
366,Delhi,Andheri,Apartment,3,2427,2011,New,1,13340000.0
368,Pune,Baner,Apartment,3,1160,1996,Good,2,8150000.0
369,Chennai,Baner,Independent House,4,477,2018,Average,1,5150000.0
370,Hyderabad,Andheri,Row House,2,3725,1985,Good,2,20400000.0
371,Delhi,Hinjewadi,Apartment,3,3087,2016,Average,1,24660000.0
372,Chennai,Whitefield,Villa,3,4373,1998,Average,1,27940000.0
373,Pune,Gachibowli,Independent House,3,1169,1982,Good,1,8200000.0
374,Delhi,Kharadi,Villa,3,2598,2001,New,0,34960000.0
375,Mumbai,Kharadi,Apartment,1,535,2012,Good,0,6940000.0
376,Chennai,Andheri,Row House,2,451,2009,Average,1,3030000.0
377,Mumbai,Hinjewadi,Apartment,2,3975,2001,New,0,46440000.0
378,Mumbai,Kharadi,Apartment,3,2875,2021,Good,3,30010000.0
379,Hyderabad,Noida,Apartment,4,2597,1992,New,3,33310000.0
380,Mumbai,Whitefield,Villa,4,2809,2022,Good,1,27910000.0
381,Delhi,Gachibowli,Independent House,1,2649,1984,Good,2,18040000.0
382,Hyderabad,Wakad,Row House,3,1975,2024,Good,2,23110000.0
383,Bengaluru,Baner,Row House,5,4459,2001,Good,0,28440000.0
384,Hyderabad,Andheri,Villa,3,830,2007,good,3,8470000.0
385,Mumbai,Kharadi,Apartment,3,2924,2015,Average,1,27110000.0
386,Delhi,Andheri,Row House,1,3638,2015,Good,2,22230000.0
387,Delhi,Wakad,Row House,3,3241,2007,Good,2,17450000.0
388,Chennai,Andheri,Row House,3,1393,1987,Good,1,12680000.0
389,Pune,Wakad,Independent House,2,1464,2004,Good,1,11350000.0
390,Pune,Andheri,Villa,3,3529,1988,New,2,39880000.0
391,Bengaluru,Gachibowli,Villa,2,1366,2003,Good,1,6970000.0
392,Hyderabad,Baner,Villa,1,4459,2001,Good,1,54430000.0
393,Hyderabad,Baner,Apartment,3,2027,1983,Good,1,10500000.0
394,Mumbai,Andheri,Independent House,4,1485,2013,Good,1,9380000.0
395,Pune,Wakad,Row House,5,2832,2017,Good,1,36950000.0
396,Pune,Andheri,Apartment,4,2795,2008,New,1,33880000.0
397,Mumbai,Hinjewadi,Independent House,4,3439,1984,Needs Renovation,0,35340000.0
398,Delhi,Whitefield,Row House,5,2198,2017,Average,1,22100000.0
399,Delhi,Andheri,Villa,2,1263,1984,Good,2,11110000.0
400,Bengaluru,Gachibowli,Villa,3,3008,1981,New,0,32220000.0
401,Hyderabad,Andheri,Row House,3,1629,2009,Good,3,13470000.0
402,Hyderabad,Hinjewadi,Row House,4,3313,1990,New,2,33570000.0
403,Chennai,Gachibowli,Independent House,3,1645,1994,Good,3,10450000.0
404,Delhi,Kharadi,Independent House,4,1996,2003,Good,1,26030000.0
405,Delhi,Wakad,Independent House,4,939,1983,Average,1,5420000.0
406,Chennai,Kharadi,Villa,1,2653,2000,New,2,17830000.0
407,Hyderabad,Noida,Apartment,1,4304,2010,Good,3,50760000.0
408,Mumbai,Whitefield,Row House,2,4278,1983,Good,1,30690000.0
409,Bengaluru,Kharadi,Independent House,2,4487,2016,Good,2,31210000.0
410,Hyderabad,Whitefield,Row House,3,4018,2016,new,1,39310000.0
411,Mumbai,Kharadi,Row House,4,1057,1983,Needs Renovation,1,14480000.0
412,Hyderabad,Andheri,Row House,1,3827,1992,Average,1,17790000.0
413,Mumbai,Wakad,Row House,5,2521,2024,Good,1,25520000.0
414,Pune,Hinjewadi,Apartment,4,4143,2003,Good,0,38620000.0
415,Hyderabad,Gachibowli,Villa,4,1648,1983,Average,2,16390000.0
416,Chennai,Baner,Villa,4,752,2006,New,2,10260000.0
417,Delhi,Andheri,Villa,2,2982,2014,Good,2,20010000.0
418,Pune,Kharadi,Villa,4,2815,2009,Good,2,29000000.0
419,Bengaluru,Noida,Apartment,3,3882,2014,New,2,31040000.0
420,Chennai,Baner,Independent House,3,2662,1982,Average,0,25260000.0
421,Delhi,Kharadi,Villa,4,3222,1987,Good,3,15300000.0
422,Hyderabad,Gachibowli,Independent House,4,2074,2013,Average,2,13260000.0
423,Pune,Noida,Villa,1,2078,2005,Good,2,18310000.0
424,Hyderabad,Wakad,Independent House,2,824,1995,Average,1,5430000.0
425,Bengaluru,Andheri,Apartment,1,965,2016,Average,1,10830000.0
426,Hyderabad,Hinjewadi,Villa,2,1204,1985,Good,1,10640000.0
427,Chennai,Whitefield,Villa,3,2728,2019,Average,1,13690000.0
428,Pune,Hinjewadi,Independent House,3,3628,2003,Good,1,19600000.0
429,Pune,Hinjewadi,Row House,2,1606,2011,Good,2,13020000.0
430,Pune,Kharadi,Villa,5,3949,1981,Good,1,20440000.0
432,Pune,Noida,Villa,3,3681,1989,good,3,42900000.0
433,Chennai,Gachibowli,Villa,4,1002,1995,Good,1,13190000.0
434,Bengaluru,Andheri,Independent House,3,2156,2016,Good,1,17620000.0
435,Mumbai,Andheri,Independent House,4,1679,2000,Good,1,21660000.0
436,Chennai,Noida,Villa,3,4356,1986,Average,2,47480000.0
437,Mumbai,Whitefield,Apartment,4,4059,2014,New,2,33430000.0
438,Hyderabad,Noida,Row House,3,1562,2014,Average,0,13040000.0
439,Pune,Baner,Row House,1,3639,1982,Good,1,43180000.0
440,Hyderabad,Gachibowli,Row House,3,2158,2003,Average,1,23340000.0
441,Chennai,Hinjewadi,Villa,1,3522,2000,Good,0,42500000.0
442,Bengaluru,Wakad,Apartment,3,3688,2000,Average,1,38030000.0
443,Bengaluru,Noida,Apartment,3,2640,2002,New,2,15260000.0
444,Delhi,Wakad,Independent House,3,1799,2004,Good,1,17950000.0
445,Pune,Andheri,Villa,4,4107,2002,Average,1,45240000.0
446,Pune,Kharadi,Independent House,2,2453,2024,Average,0,24670000.0
447,Hyderabad,Noida,Independent House,1,4133,2004,Average,1,25460000.0
448,Chennai,Noida,Apartment,3,3574,2002,New,1,24220000.0
449,Bengaluru,Noida,Row House,3,3472,2017,Good,0,20500000.0
450,Delhi,Hinjewadi,Row House,4,1550,2017,New,0,9680000.0
451,Bengaluru,Andheri,Independent House,3,3980,2000,Average,3,36320000.0
452,Delhi,Kharadi,Row House,3,2991,2019,Good,2,39090000.0
453,Chennai,Hinjewadi,Independent House,3,1724,2014,Average,1,13210000.0
454,Pune,Kharadi,Villa,3,1891,1987,Good,2,22130000.0
455,Bengaluru,Gachibowli,Villa,2,2598,1991,Good,3,18460000.0
456,Pune,Kharadi,Row House,2,3406,2011,Average,2,37930000.0
457,Hyderabad,Baner,Apartment,3,1450,1980,Average,1,15950000.0
458,Delhi,Wakad,Apartment,5,1454,1983,Needs Renovation,1,18190000.0
459,Chennai,Kharadi,Row House,3,4479,2000,Good,1,44720000.0
460,Chennai,Andheri,Row House,4,4003,1996,Average,2,41680000.0
461,Mumbai,Wakad,Independent House,3,1750,2001,Average,2,16570000.0
462,Bengaluru,Kharadi,Villa,5,3682,2015,Average,1,33810000.0
464,Pune,Andheri,Row House,2,1946,2011,Good,1,14850000.0
465,Mumbai,Andheri,Villa,4,2490,1987,Good,0,26580000.0
466,Mumbai,Gachibowli,Apartment,4,3902,2008,Average,1,46580000.0
467,Chennai,Hinjewadi,Villa,4,1476,2000,Good,2,9740000.0
469,Delhi,Andheri,Apartment,2,1777,2018,New,2,11290000.0
470,Delhi,Whitefield,Villa,3,3028,2022,Good,1,32910000.0
471,Chennai,Wakad,Villa,4,3249,2008,Average,1,17160000.0
472,Mumbai,Hinjewadi,Apartment,2,3184,2005,Good,1,23490000.0
473,Hyderabad,Wakad,Villa,2,1838,2012,Average,2,11050000.0
474,Mumbai,Wakad,Row House,2,3298,2006,Needs Renovation,1,28540000.0
475,Bengaluru,Baner,Row House,2,1840,2014,Good,3,19410000.0
476,Hyderabad,Baner,Villa,5,575,2011,Good,1,5870000.0
477,Pune,Gachibowli,Apartment,4,2648,2010,Average,2,19340000.0
478,Pune,Hinjewadi,Independent House,2,1968,1995,Average,1,15240000.0
479,Pune,Hinjewadi,Independent House,3,3167,2014,Average,2,32120000.0
480,Hyderabad,Baner,Independent House,4,3294,2010,Good,1,34600000.0
481,HYDERABAD,Baner,Independent House,4,2951,1998,Average,2,17940000.0
482,Chennai,Hinjewadi,Apartment,2,1702,1995,Needs Renovation,2,58135000.0
483,Delhi,Andheri,Independent House,4,919,2013,Good,1,8640000.0
484,Mumbai,Kharadi,Independent House,4,2858,1980,Good,2,15920000.0
485,Delhi,Wakad,Apartment,4,3471,2014,Average,1,29270000.0
486,Chennai,Noida,Row House,2,2406,2021,Average,0,12980000.0
487,Chennai,Gachibowli,Apartment,5,1024,2024,New,0,9560000.0
488,Chennai,Kharadi,Apartment,2,3688,1982,New,2,33950000.0
489,Bengaluru,Hinjewadi,Independent House,3,2449,2000,Good,1,20040000.0
490,Bengaluru,Andheri,Apartment,2,3082,2005,Average,1,33820000.0
491,Chennai,Gachibowli,Villa,1,3126,2007,Good,1,17550000.0
492,Chennai,Noida,Row House,3,2110,1987,Good,1,25940000.0
493,Hyderabad,Wakad,Independent House,1,1364,1981,good,0,9200000.0
494,Bengaluru,Kharadi,Row House,2,2598,1994,New,0,30350000.0
495,Chennai,Whitefield,Apartment,3,3280,1996,Good,0,36640000.0
496,Pune,Kharadi,Apartment,4,1831,1986,New,3,16930000.0
497,Bengaluru,Andheri,Villa,4,3741,2005,Good,0,44550000.0
498,Pune,Noida,Apartment,2,4228,1988,Good,2,28920000.0
499,Bengaluru,Wakad,Row House,1,757,1989,Needs Renovation,1,8150000.0
500,Delhi,Kharadi,Apartment,4,1693,2035,New,1,9550000.0
501,Mumbai,Whitefield,Villa,2,3642,2009,Good,1,34700000.0
502,Pune,Baner,Independent House,3,3248,2001,Needs Renovation,1,21230000.0
503,Pune,Kharadi,Apartment,4,4041,1984,New,1,37300000.0
504,Pune,Andheri,Independent House,4,4131,2008,Good,2,51730000.0
505,Pune,Kharadi,Row House,3,2598,2015,Good,2,33490000.0
506,Hyderabad,Gachibowli,Villa,1,4323,1983,Good,2,38410000.0
507,Mumbai,Kharadi,Apartment,3,3629,1993,New,2,26720000.0
